Part Name,Part Number,Per Unit,Total Quantity Required ,Unit Cost,Total
Frame,,,,,
4.8m 20 x 20 T Slot Aluminium Extrutions,-,1,1,38.21,38.21
2.4m 20 x 20 T Slot Aluminium Extrutions,-,1,1,24.11,24.11
Three Way Corner Brackets + L-Shaped Interior Corner Brackets,A317,10 + 10,1,31,31
Rubber Feet,F08616,4,1,4.69,4.69
Motion,,,,,
Nema 17 Motors,17HS4401S,1,2,16.99,33.98
Nema 17 Motors,17HS8401S,1,1,17.09,17.09
9mm Pulley,-,5,1,12.99,12.99
9mm Toothed Idlers,-,5,1,11,11
350mm MGN9H Linear Rail,,2,1,22.19,22.19
300mm MGN12H Linear Rail,,1,1,9.89,9.89
300mm MGN9H Linear Rails,,1,3,9.56,28.68
F695 Bearings,F695,10,2,5.33,10.66
LDO 42STH48 2004MAH Motors,42STH48 2004MAH,1,2,13.99,27.98
9mm GT2 Belt,GT2(2GT),1,1,11.99,11.99
Electronics,,,,,
BTT Manta M8P V2.0,HDY MALL,1,1,176.35,176.35
Raspberry Pi CM4 2GB,CE07441,1,1,77.4,77.4
BTT TMC2209,1040000053,6,1,53,53
Hot End and Entruder,,,,,
LDO All-in-One Smart Orbiter V3.0,LDO1597,1,1,110,110
,,,,,
,,,,,
,,,,,
,,,,Total: ,701.21
,,,,,(AUD)